timestamp,ens210_status,temperature_c,temperature_f,humidity,ens16x_status,etvoc,eco2,aqi
1106240,1,22.82,73.07,41.52,OK,99,645,142
1107250,1,22.8,73.05,41.3,OK,99,645,142
1108260,1,22.79,73.02,41.15,OK,102,649,143
1109270,1,22.8,73.05,40.95,OK,109,658,147
1110280,1,22.82,73.07,40.88,OK,110,659,146
1111290,1,22.83,73.1,40.72,OK,113,663,147
1112300,1,22.83,73.1,40.62,OK,119,670,150
1113310,1,22.82,73.07,40.56,OK,120,672,149
1114320,1,22.85,73.13,40.46,OK,123,676,150
1115330,1,22.87,73.16,40.35,OK,117,668,145
1116340,1,22.83,73.1,40.33,OK,121,673,147
1117350,1,22.87,73.16,40.3,OK,129,683,152
1118360,1,22.87,73.16,40.33,OK,128,682,150
1119370,1,22.88,73.19,40.23,OK,130,684,151
1120380,1,22.82,73.07,40.19,OK,130,685,150
1121390,1,22.87,73.16,40.13,OK,130,685,150
1122400,1,22.85,73.13,40.15,OK,133,689,151
1123410,1,22.87,73.16,40.09,OK,137,694,153
1124420,1,22.88,73.19,40.07,OK,135,691,150
1125430,1,22.87,73.16,40.01,OK,140,698,154
1126440,1,22.87,73.16,39.97,OK,142,700,154
1127450,1,22.88,73.19,39.92,OK,144,702,155
1128460,1,22.88,73.19,39.85,OK,147,707,156
1129470,1,22.87,73.16,39.85,OK,149,709,156
1130480,1,22.88,73.19,39.83,OK,151,712,157
1131490,1,22.87,73.16,39.85,OK,151,712,157
1132500,1,22.87,73.16,39.83,OK,153,714,158
1133510,1,22.87,73.16,39.79,OK,144,702,151
1134520,1,22.87,73.16,39.81,OK,147,706,153
1135530,1,22.83,73.1,39.81,OK,145,704,151
1136540,1,22.87,73.16,39.83,OK,144,703,151
1137550,1,22.87,73.16,39.83,OK,147,707,153
1138560,1,22.87,73.16,39.83,OK,147,707,153
1139570,1,22.88,73.19,39.82,OK,147,706,153
1140580,1,22.87,73.16,39.81,OK,147,706,152
1141590,1,22.87,73.16,39.79,OK,154,715,157
1142600,1,22.85,73.13,39.81,OK,155,717,158
1143610,1,22.85,73.13,39.87,OK,155,717,157
1144620,1,22.83,73.1,39.81,OK,149,709,153
1145630,1,22.87,73.16,39.83,OK,151,712,154
1146640,1,22.83,73.1,39.79,OK,157,720,158
1147650,1,22.83,73.1,39.75,OK,162,726,161
1148660,1,22.87,73.16,39.78,OK,160,723,159
1149670,1,22.82,73.07,39.79,OK,161,724,159
1150680,1,22.83,73.1,39.75,OK,160,723,158
1151690,1,22.83,73.1,39.77,OK,164,728,160
1152700,1,22.82,73.07,39.75,OK,164,728,160
1153710,1,22.82,73.07,39.79,OK,163,727,159
1154720,1,22.83,73.1,39.79,OK,164,729,160
1155730,1,22.82,73.07,39.81,OK,164,729,160
1156740,1,22.83,73.1,39.81,OK,167,732,161
1157750,1,22.83,73.1,39.81,OK,167,732,161
1158760,1,22.8,73.05,39.79,OK,168,733,161
1159770,1,22.82,73.07,39.75,OK,167,732,160
1160780,1,22.83,73.1,39.81,OK,165,730,159
1161790,1,22.82,73.07,39.77,OK,166,731,159
1162800,1,22.82,73.07,39.75,OK,173,740,164
1163810,1,22.82,73.07,39.79,OK,177,745,166
1164820,1,22.82,73.07,39.79,OK,177,745,166
1165830,1,22.8,73.05,39.81,OK,182,752,169
1166840,1,22.82,73.07,39.73,OK,181,750,167
1167850,1,22.82,73.07,39.83,OK,178,746,164
1168860,1,22.79,73.02,39.85,OK,175,743,162
1169870,1,22.82,73.07,39.77,OK,172,739,160
1170880,1,22.8,73.05,39.8,OK,178,747,165
1171890,1,22.79,73.02,39.74,OK,180,749,166
1172900,1,22.82,73.07,39.73,OK,175,742,162
1173910,1,22.79,73.02,39.79,OK,175,743,162
1174920,1,22.76,72.96,39.72,OK,179,748,165
1175930,1,22.82,73.07,39.77,OK,185,756,169
1176940,1,22.8,73.05,39.83,OK,187,758,169
1177950,1,22.77,72.99,39.79,OK,183,753,166
1178960,1,22.77,72.99,39.79,OK,184,754,166
1179970,1,22.8,73.05,39.81,OK,184,754,166
1180980,1,22.76,72.96,39.8,OK,184,754,166
1181990,1,22.77,72.99,39.74,OK,183,753,166
1183000,1,22.76,72.96,39.78,OK,185,756,167
1184010,1,22.76,72.96,39.79,OK,188,760,169
1185020,1,22.77,72.99,39.77,OK,192,765,171
1186030,1,22.77,72.99,39.78,OK,192,764,170
1187040,1,22.76,72.96,39.74,OK,195,768,172
1188050,1,22.76,72.96,39.8,OK,192,764,169
1189060,1,22.76,72.96,39.8,OK,195,768,171
1190070,1,22.76,72.96,39.78,OK,194,767,170
1191080,1,22.74,72.93,39.74,OK,197,771,172
1192090,1,22.74,72.93,39.74,OK,202,777,175
1193100,1,22.74,72.93,39.77,OK,201,776,173
1194110,1,22.77,72.99,39.82,OK,206,783,177
1195120,1,22.74,72.93,39.82,OK,209,786,178
1196130,1,22.74,72.93,39.8,OK,212,790,179
1197140,1,22.74,72.93,39.82,OK,213,791,179
1198150,1,22.74,72.93,39.82,OK,214,793,179
1199160,1,22.73,72.91,39.82,OK,209,787,176
1200170,1,22.74,72.93,39.86,OK,207,784,174
1201180,1,22.74,72.93,39.8,OK,198,772,168
1202190,1,22.71,72.88,39.84,OK,204,780,172
1203200,1,22.76,72.96,39.9,OK,202,778,172
1204210,1,22.74,72.93,39.88,OK,202,778,172
1205220,1,22.76,72.96,39.84,OK,206,783,174
1206230,1,22.74,72.93,39.86,OK,203,779,173
1207240,1,22.73,72.91,39.86,OK,201,776,171
1208250,1,22.71,72.88,39.88,OK,204,780,173
1209260,1,22.76,72.96,39.88,OK,203,779,173
1210270,1,22.74,72.93,39.84,OK,199,774,170
1211280,1,22.74,72.93,39.84,OK,204,780,174
1212290,1,22.74,72.93,39.88,OK,196,770,168
1213300,1,22.71,72.88,39.88,OK,195,768,168
1214310,1,22.71,72.88,39.9,OK,196,770,169
1215320,1,22.73,72.91,39.9,OK,202,777,173
1216330,1,22.74,72.93,39.98,OK,205,781,175
1217340,1,22.71,72.88,39.94,OK,206,783,176
1218350,1,22.71,72.88,39.96,OK,208,785,176
1219360,1,22.69,72.85,39.93,OK,210,788,177
1220370,1,22.73,72.91,39.96,OK,207,784,175
1221380,1,22.71,72.88,39.94,OK,206,782,173
1222390,1,22.71,72.88,39.97,OK,206,783,174
1223400,1,22.68,72.82,39.95,OK,206,783,174
1224410,1,22.68,72.82,39.95,OK,202,777,170
1225420,1,22.71,72.88,39.93,OK,199,774,169
1226430,1,22.71,72.88,39.93,OK,202,777,171
1227440,1,22.71,72.88,40.0,OK,206,782,174
1228450,1,22.69,72.85,40.05,OK,206,782,174
1229460,1,22.68,72.82,40.11,OK,207,784,175
1230470,1,22.69,72.85,40.11,OK,211,789,177
1231480,1,22.69,72.85,40.09,OK,203,779,172
1232490,1,22.68,72.82,40.07,OK,206,782,173
1233500,1,22.68,72.82,40.05,OK,211,789,177
1234510,1,22.71,72.88,40.05,OK,212,790,177
1235520,1,22.69,72.85,40.03,OK,210,788,175
1236530,1,22.68,72.82,40.03,OK,209,786,174
1237540,1,22.68,72.82,40.05,OK,207,784,173
1238550,1,22.66,72.79,40.03,OK,203,779,171
1239560,1,22.68,72.82,40.05,OK,206,782,172
1240570,1,22.66,72.79,40.05,OK,204,780,172
1241580,1,22.68,72.82,40.03,OK,209,787,175
1242590,1,22.68,72.82,40.07,OK,213,791,177
1243600,1,22.68,72.82,40.13,OK,207,784,173
1244610,1,22.69,72.85,40.11,OK,206,783,172
1245620,1,22.66,72.79,40.11,OK,211,789,175
1246630,1,22.66,72.79,40.11,OK,204,780,170
1247640,1,22.68,72.82,40.07,OK,207,784,172
1248650,1,22.66,72.79,40.07,OK,206,782,172
1249660,1,22.66,72.79,40.03,OK,211,789,175
1250670,1,22.65,72.76,40.07,OK,215,794,177
1251680,1,22.68,72.82,40.11,OK,211,789,174
1252690,1,22.69,72.85,40.11,OK,211,789,174
1253700,1,22.66,72.79,40.11,OK,213,792,176
1254710,1,22.68,72.82,40.05,OK,213,792,175
1255720,1,22.66,72.79,40.03,OK,220,800,179
1256730,1,22.65,72.76,40.07,OK,219,799,178
1257740,1,22.68,72.82,40.01,OK,219,799,177
1258750,1,22.66,72.79,40.03,OK,220,800,178
1259760,1,22.65,72.76,40.05,OK,218,798,176
1260770,1,22.65,72.76,40.05,OK,217,797,176
1261780,1,22.66,72.79,40.07,OK,211,789,172
1262790,1,22.65,72.76,40.03,OK,213,792,173
1263800,1,22.68,72.82,40.05,OK,216,796,176
1264810,1,22.66,72.79,40.07,OK,219,799,177
1265820,1,22.63,72.74,40.07,OK,233,806,180
1266830,1,22.66,72.79,40.11,OK,231,805,179
1267840,1,22.63,72.74,40.11,OK,231,805,179
1268850,1,22.63,72.74,40.11,OK,237,808,180
1269860,1,22.66,72.79,40.15,OK,253,815,183
1270870,1,22.63,72.74,40.14,OK,251,814,182
1271880,1,22.66,72.79,40.19,OK,257,817,183
1272890,1,22.65,72.76,40.19,OK,266,821,185
1273900,1,22.63,72.74,40.22,OK,260,818,183
1274910,1,22.65,72.76,40.22,OK,269,822,184
1275920,1,22.65,72.76,40.2,OK,275,825,185
1276930,1,22.63,72.74,40.26,OK,275,825,185
1277940,1,22.66,72.79,40.27,OK,277,826,185
1278950,1,22.63,72.74,40.26,OK,284,829,186
1279960,1,22.6,72.68,40.3,OK,286,830,186
1280970,1,22.63,72.74,40.3,OK,275,825,183
1281980,1,22.63,72.74,40.32,OK,277,826,184
1282990,1,22.66,72.79,40.34,OK,266,821,181
1284000,1,22.65,72.76,40.32,OK,266,821,181
1285010,1,22.63,72.74,40.34,OK,284,829,185
1286020,1,22.63,72.74,40.34,OK,291,832,187
1287030,1,22.63,72.74,40.34,OK,298,835,188
1288040,1,22.62,72.71,40.34,OK,275,825,182
1289050,1,22.6,72.68,40.36,OK,282,828,183
1290060,1,22.63,72.74,40.36,OK,280,827,183
1291070,1,22.63,72.74,40.34,OK,284,829,184
1292080,1,22.63,72.74,40.28,OK,284,829,184
1293090,1,22.63,72.74,40.3,OK,291,832,186
1294100,1,22.62,72.71,40.34,OK,289,831,185
1295110,1,22.62,72.71,40.36,OK,293,833,186
1296120,1,22.6,72.68,40.34,OK,300,836,186
1297130,1,22.62,72.71,40.38,OK,304,838,187
1298140,1,22.6,72.68,40.4,OK,318,844,190
1299150,1,22.58,72.65,40.38,OK,331,850,192
1300160,1,22.63,72.74,40.38,OK,320,845,189
1301170,1,22.6,72.68,40.32,OK,320,845,189
1302180,1,22.62,72.71,40.3,OK,333,851,192
1303190,1,22.58,72.65,40.32,OK,338,853,192
1304200,1,22.6,72.68,40.28,OK,347,857,193
1305210,1,22.6,72.68,40.34,OK,349,858,193
1306220,1,22.6,72.68,40.3,OK,342,855,191
1307230,1,22.6,72.68,40.3,OK,340,854,190
1308240,1,22.6,72.68,40.39,OK,353,860,193
1309250,1,22.6,72.68,40.38,OK,344,856,190
1310260,1,22.57,72.62,40.4,OK,320,845,185
1311270,1,22.58,72.65,40.42,OK,329,849,187
1312280,1,22.58,72.65,40.46,OK,324,847,186
1313290,1,22.62,72.71,40.48,OK,320,845,186
1314300,1,22.6,72.68,40.46,OK,315,843,185
1315310,1,22.6,72.68,40.47,OK,320,845,186
1316320,1,22.62,72.71,40.53,OK,333,851,189
1317330,1,22.6,72.68,40.57,OK,340,854,191
1318340,1,22.57,72.62,40.57,OK,342,855,191
1319350,1,22.58,72.65,40.55,OK,349,858,192
1320360,1,22.58,72.65,40.53,OK,347,857,191
1321370,1,22.58,72.65,40.53,OK,347,857,191
1322380,1,22.57,72.62,40.54,OK,340,854,189
1323390,1,22.58,72.65,40.55,OK,353,860,192
1324400,1,22.58,72.65,40.52,OK,342,855,189
1325410,1,22.57,72.62,40.47,OK,342,855,189
1326420,1,22.55,72.6,40.45,OK,358,862,192
1327430,1,22.55,72.6,40.45,OK,364,865,194
1328440,1,22.58,72.65,40.44,OK,371,868,194
1329450,1,22.58,72.65,40.42,OK,373,869,194
1330460,1,22.58,72.65,40.45,OK,373,869,194
1331470,1,22.55,72.6,40.42,OK,356,861,189
1332480,1,22.6,72.68,40.48,OK,351,859,188
1333490,1,22.57,72.62,40.47,OK,351,859,189
1334500,1,22.57,72.62,40.51,OK,347,857,188
1335510,1,22.58,72.65,40.57,OK,342,855,187
1336520,1,22.58,72.65,40.59,OK,351,859,189
1337530,1,22.58,72.65,40.59,OK,349,858,189
1338540,1,22.57,72.62,40.59,OK,349,858,189
1339550,1,22.58,72.65,40.55,OK,347,857,188
1340560,1,22.54,72.57,40.53,OK,344,856,188
1341570,1,22.58,72.65,40.51,OK,353,860,190
1342580,1,22.55,72.6,40.53,OK,353,860,189
1343590,1,22.55,72.6,40.55,OK,364,865,192
1344600,1,22.55,72.6,40.55,OK,367,866,192
1345610,1,22.57,72.62,40.55,OK,349,858,188
1346620,1,22.55,72.6,40.59,OK,362,864,191
1347630,1,22.58,72.65,40.59,OK,380,872,194
1348640,1,22.58,72.65,40.63,OK,380,872,194
1349650,1,22.57,72.62,40.55,OK,387,875,195
1350660,1,22.54,72.57,40.57,OK,385,874,194
1351670,1,22.54,72.57,40.63,OK,376,870,191
1352680,1,22.58,72.65,40.57,OK,382,873,193
1353690,1,22.55,72.6,40.59,OK,382,873,193
1354700,1,22.55,72.6,40.59,OK,396,879,195
1355710,1,22.57,72.62,40.57,OK,405,883,197
1356720,1,22.55,72.6,40.59,OK,391,877,193
1357730,1,22.54,72.57,40.63,OK,385,874,191
1358740,1,22.55,72.6,40.71,OK,385,874,191
1359750,1,22.55,72.6,40.71,OK,382,873,191
1360760,1,22.57,72.62,40.67,OK,382,873,191
1361770,1,22.55,72.6,40.69,OK,376,870,190
1362780,1,22.55,72.6,40.69,OK,382,873,191
1363790,1,22.54,72.57,40.71,OK,396,879,194
1364800,1,22.54,72.57,40.73,OK,400,881,195
1365810,1,22.55,72.6,40.71,OK,405,883,195
1366820,1,22.55,72.6,40.73,OK,416,888,198
1367830,1,22.55,72.6,40.73,OK,427,893,199
1368840,1,22.55,72.6,40.75,OK,431,895,200
1369850,1,22.55,72.6,40.79,OK,434,896,200
1370860,1,22.54,72.57,40.85,OK,425,892,197
1371870,1,22.54,72.57,40.85,OK,418,889,195
1372880,1,22.55,72.6,40.96,OK,418,889,195
1373890,1,22.54,72.57,40.9,OK,407,884,193
1374900,1,22.54,72.57,40.96,OK,393,878,190
1375910,1,22.55,72.6,40.9,OK,396,879,191
1376920,1,22.55,72.6,40.94,OK,409,885,194
1377930,1,22.55,72.6,40.92,OK,407,884,194
1378940,1,22.54,72.57,40.9,OK,407,884,194
1379950,1,22.54,72.57,40.92,OK,411,886,195
1380960,1,22.55,72.6,40.88,OK,418,889,196
1381970,1,22.54,72.57,40.9,OK,429,894,198
1382980,1,22.52,72.54,40.9,OK,434,896,199
1383990,1,22.54,72.57,40.9,OK,414,887,193
1385000,1,22.54,72.57,40.9,OK,398,880,190
1386010,1,22.54,72.57,40.9,OK,407,884,192
1387020,1,22.54,72.57,40.9,OK,425,892,196
1388030,1,22.55,72.6,40.94,OK,418,889,194
1389040,1,22.54,72.57,40.96,OK,396,879,190
1390050,1,22.54,72.57,41.0,OK,411,886,193
1391060,1,22.55,72.6,40.96,OK,420,890,195
1392070,1,22.54,72.57,40.98,OK,425,892,196
1393080,1,22.51,72.51,41.04,OK,434,896,197
1394090,1,22.51,72.51,41.01,OK,431,895,197
1395100,1,22.54,72.57,41.1,OK,427,893,195
1396110,1,22.52,72.54,41.1,OK,434,896,197
1397120,1,22.52,72.54,41.12,OK,434,896,197
1398130,1,22.55,72.6,41.12,OK,445,901,199
1399140,1,22.54,72.57,41.14,OK,447,902,199
1400150,1,22.52,72.54,41.18,OK,438,898,196
1401160,1,22.54,72.57,41.15,OK,440,899,197
1402170,1,22.52,72.54,41.1,OK,422,891,193
1403180,1,22.51,72.51,41.12,OK,420,890,193
1404190,1,22.54,72.57,41.12,OK,420,890,193
1405200,1,22.54,72.57,41.12,OK,427,893,194
1406210,1,22.54,72.57,41.08,OK,422,891,194
1407220,1,22.54,72.57,41.13,OK,407,884,190
1408230,1,22.51,72.51,41.12,OK,409,885,191
1409240,1,22.52,72.54,41.16,OK,393,878,188
1410250,1,22.51,72.51,41.07,OK,396,879,189
1411260,1,22.52,72.54,41.06,OK,409,885,192
1412270,1,22.52,72.54,41.1,OK,402,882,190
1413280,1,22.52,72.54,41.06,OK,387,875,187
1414290,1,22.52,72.54,41.0,OK,393,878,188
1415300,1,22.51,72.51,41.0,OK,405,883,191
1416310,1,22.52,72.54,41.0,OK,416,888,193
1417320,1,22.51,72.51,41.04,OK,387,875,186
1418330,1,22.52,72.54,41.04,OK,385,874,186
1419340,1,22.52,72.54,41.1,OK,402,882,190
1420350,1,22.51,72.51,41.15,OK,400,881,190
1421360,1,22.51,72.51,41.17,OK,400,881,190
1422370,1,22.51,72.51,41.13,OK,409,885,191
1423380,1,22.54,72.57,41.2,OK,420,890,193
1424390,1,22.54,72.57,41.16,OK,425,892,194
1425400,1,22.52,72.54,41.2,OK,438,898,197
1426410,1,22.49,72.48,41.17,OK,431,895,194
1427420,1,22.49,72.48,41.21,OK,440,899,196
1428430,1,22.51,72.51,41.23,OK,416,888,190
1429440,1,22.52,72.54,41.27,OK,427,893,192
1430450,1,22.51,72.51,41.27,OK,436,897,195
1431460,1,22.51,72.51,41.27,OK,440,899,195
1432470,1,22.51,72.51,41.29,OK,451,904,197
1433480,1,22.51,72.51,41.29,OK,436,897,193
1434490,1,22.52,72.54,41.25,OK,445,901,195
1435500,1,22.51,72.51,41.27,OK,451,904,196
1436510,1,22.51,72.51,41.31,OK,474,914,200
1437520,1,22.52,72.54,41.31,OK,460,908,197
1438530,1,22.48,72.46,41.31,OK,458,907,196
1439540,1,22.49,72.48,41.27,OK,471,913,198
1440550,1,22.51,72.51,41.25,OK,469,912,198
1441560,1,22.51,72.51,41.31,OK,489,921,202
1442570,1,22.48,72.46,41.33,OK,498,925,203
1443580,1,22.48,72.46,41.37,OK,503,927,203
1444590,1,22.46,72.43,41.34,OK,500,926,202
1445600,1,22.49,72.48,41.37,OK,500,926,202
1446610,1,22.51,72.51,41.37,OK,494,923,200
1447620,1,22.49,72.48,41.37,OK,494,923,200
1448630,1,22.49,72.48,41.33,OK,494,923,199
1449640,1,22.49,72.48,41.31,OK,487,920,198
1450650,1,22.51,72.51,41.25,OK,485,919,197
1451660,1,22.49,72.48,41.19,OK,489,921,198
1452670,1,22.48,72.46,41.21,OK,492,922,198
1453680,1,22.48,72.46,41.15,OK,487,920,197
1454690,1,22.51,72.51,41.21,OK,483,918,196
1455700,1,22.48,72.46,41.19,OK,494,923,199
1456710,1,22.48,72.46,41.25,OK,487,920,197
1457720,1,22.48,72.46,41.27,OK,489,921,197
1458730,1,22.48,72.46,41.15,OK,492,922,197
1459740,1,22.48,72.46,41.21,OK,485,919,196
1460750,1,22.4,72.31,40.95,OK,483,918,195
1461760,1,22.18,71.92,40.75,OK,489,921,197
1462770,1,22.15,71.86,39.93,OK,507,929,199
1463780,1,22.27,72.09,39.99,OK,527,938,202
1464790,1,22.27,72.09,39.69,OK,521,935,199
1465800,1,22.24,72.03,39.11,OK,489,921,191
1466810,1,22.18,71.92,38.09,OK,469,912,186
1467820,1,22.19,71.95,37.51,OK,454,905,181
1468830,1,22.19,71.95,37.45,OK,420,890,173
1469840,1,22.21,71.98,37.65,OK,420,890,173
1470850,1,22.19,71.95,37.91,OK,405,883,170
1471860,1,22.19,71.95,38.07,OK,369,867,163
1472870,1,22.18,71.92,38.13,OK,333,851,157
1473880,1,22.18,71.92,37.63,OK,284,829,149
1474890,1,22.15,71.86,37.46,OK,257,817,145
1475900,1,22.16,71.89,37.3,OK,224,802,140
1476910,1,22.08,71.75,37.18,OK,211,789,137
1477920,1,21.94,71.5,36.66,OK,198,772,131
1478930,1,21.85,71.33,36.42,OK,195,768,131
1479940,1,21.82,71.27,36.68,OK,188,759,129
1480950,1,21.57,70.82,36.23,OK,188,760,131
1481960,1,21.57,70.82,36.09,OK,185,756,129
1482970,1,21.62,70.91,36.22,OK,179,748,126
1483980,1,21.68,71.02,36.35,OK,168,734,121
1484990,1,21.66,70.99,36.42,OK,158,721,117
1486000,1,21.68,71.02,36.67,OK,146,705,112
1487010,1,21.65,70.96,36.85,OK,133,689,108
1488020,1,21.65,70.96,36.85,OK,118,669,102
1489030,1,21.65,70.96,36.87,OK,102,649,97
1490040,1,21.65,70.96,36.97,OK,92,635,94
1491050,1,21.63,70.94,36.96,OK,78,618,91
1492060,1,21.58,70.85,37.1,OK,64,597,85
1493070,1,21.57,70.82,37.0,OK,56,575,80
1494080,1,21.54,70.77,36.83,OK,56,575,80
1495090,1,21.3,70.35,36.33,OK,50,555,76
1496100,1,21.27,70.29,36.05,OK,48,548,76
1497110,1,21.27,70.29,36.0,OK,45,540,75
1498120,1,21.29,70.32,36.0,OK,41,529,72
1499130,1,21.32,70.37,36.22,OK,38,519,71
1500140,1,21.32,70.37,36.45,OK,35,508,69
1501150,1,21.3,70.35,36.61,OK,34,505,69
1502160,1,21.27,70.29,36.67,OK,29,492,66
1503170,1,21.26,70.26,36.7,OK,26,481,64
1504180,1,21.05,69.9,36.48,OK,22,470,61
1505190,1,21.1,69.98,36.28,OK,20,463,60
1506200,1,21.12,70.01,36.14,OK,17,455,58
1507210,1,21.01,69.81,36.11,OK,15,449,57
1508220,1,21.02,69.84,36.07,OK,15,448,58
1509230,1,21.01,69.81,36.13,OK,13,442,57
1510240,1,20.99,69.78,36.21,OK,12,440,58
1511250,1,20.8,69.45,36.14,OK,11,435,57
1512260,1,20.83,69.5,36.25,OK,10,431,56
1513270,1,20.8,69.45,36.31,OK,8,427,54
1514280,1,20.76,69.36,36.32,OK,7,423,53
1515290,1,20.8,69.45,36.39,OK,8,425,54
1516300,1,20.57,69.02,36.28,OK,7,422,53
1517310,1,20.55,69.0,36.34,OK,6,419,52
1518320,1,20.57,69.02,36.5,OK,6,419,52
1519330,1,20.51,68.91,36.6,OK,5,417,51
1520340,1,20.54,68.97,36.78,OK,4,415,50
1521350,1,20.21,68.38,36.88,OK,4,413,48
1522360,1,20.18,68.32,36.9,OK,3,411,47
1523370,1,20.27,68.49,36.89,OK,3,410,47
1524380,1,20.27,68.49,36.93,OK,2,408,47
1525390,1,20.29,68.52,37.07,OK,2,407,46
1526400,1,20.24,68.43,37.13,OK,1,406,46
1527410,1,20.18,68.32,37.12,OK,1,405,46
1528420,1,20.19,68.35,37.11,OK,1,405,46
1529430,1,20.16,68.29,37.18,OK,1,404,45
1530440,1,20.13,68.24,37.16,OK,0,403,45
1531450,1,20.1,68.18,37.18,OK,0,403,45
1532460,1,20.12,68.21,37.15,OK,0,403,45
1533470,1,20.08,68.15,37.21,OK,0,402,44
1534480,1,20.02,68.04,37.31,OK,0,402,45
1535490,1,20.04,68.07,37.39,OK,0,402,45
1536500,1,20.02,68.04,37.41,OK,0,401,45
1537510,1,19.99,67.98,37.4,OK,0,401,46
1538520,1,19.93,67.87,37.42,OK,0,401,46
1539530,1,19.93,67.87,37.42,OK,0,401,46
1540540,1,19.93,67.87,37.54,OK,0,401,46
1541550,1,19.96,67.93,37.56,OK,0,400,46
1542560,1,19.91,67.84,37.59,OK,0,400,46
1543570,1,19.82,67.67,37.56,OK,0,400,47
1544580,1,19.82,67.67,37.58,OK,0,402,48
1545590,1,19.74,67.53,37.58,OK,0,403,48
1546600,1,19.77,67.59,37.64,OK,0,402,47
1547610,1,19.74,67.53,37.69,OK,1,404,48
1548620,1,19.74,67.53,37.73,OK,1,405,48
1549630,1,19.74,67.53,37.75,OK,3,411,49
1550640,1,19.66,67.39,37.75,OK,6,420,52
1551650,1,19.6,67.28,37.73,OK,8,425,52
1552660,1,19.48,67.06,37.77,OK,10,431,53
1553670,1,19.38,66.89,37.88,OK,10,433,53
1554680,1,19.35,66.83,38.05,OK,11,434,53
1555690,1,19.41,66.94,38.28,OK,12,437,53
1556700,1,19.49,67.08,38.35,OK,12,439,53
1557710,1,19.44,67.0,38.36,OK,13,441,54
1558720,1,19.38,66.89,38.43,OK,12,440,53
1559730,1,19.27,66.69,38.3,OK,11,436,52
1560740,1,19.19,66.55,38.37,OK,12,438,52
1561750,1,19.21,66.58,38.45,OK,13,441,53
1562760,1,19.23,66.61,38.49,OK,13,443,53
1563770,1,19.26,66.66,38.38,OK,15,447,54
1564780,1,19.13,66.44,38.34,OK,13,441,52
1565790,1,19.19,66.55,38.35,OK,12,439,51
1566800,1,19.23,66.61,38.28,OK,12,439,51
1567810,1,19.23,66.61,38.27,OK,11,434,49
1568820,1,19.24,66.63,38.28,OK,9,430,49
1569830,1,19.16,66.49,38.25,OK,8,426,47
1570840,1,19.12,66.41,38.3,OK,7,423,46
1571850,1,19.15,66.46,38.29,OK,6,420,45
1572860,1,19.13,66.44,38.36,OK,5,417,43
1573870,1,19.07,66.32,38.46,OK,4,415,42
1574880,1,19.04,66.27,38.52,OK,4,413,42
1575890,1,18.99,66.18,38.65,OK,3,411,42
1576900,1,18.98,66.16,38.8,OK,3,410,43
1577910,1,19.02,66.24,38.97,OK,2,409,42
1578920,1,19.02,66.24,38.87,OK,2,407,40
1579930,1,19.04,66.27,38.79,OK,1,406,40
1580940,1,19.02,66.24,38.67,OK,1,406,39
1581950,1,19.04,66.27,38.59,OK,1,405,37
1582960,1,19.02,66.24,38.57,OK,1,404,35
1583970,1,19.01,66.21,38.43,OK,1,404,35
1584980,1,19.01,66.21,38.49,OK,0,403,35
1585990,1,19.02,66.24,38.43,OK,0,403,34
1587000,1,18.99,66.18,38.47,OK,0,402,32
1588010,1,18.99,66.18,38.47,OK,0,402,31
1589020,1,18.99,66.18,38.53,OK,0,402,30
1590030,1,18.96,66.13,38.58,OK,0,401,29
1591040,1,18.94,66.1,38.64,OK,0,401,29
1592050,1,18.94,66.1,38.78,OK,0,401,29
1593060,1,18.93,66.07,38.92,OK,0,401,29
1594070,1,18.83,65.9,39.03,OK,0,401,29
1595080,1,18.71,65.68,39.23,OK,0,401,28
1596090,1,18.69,65.65,39.33,OK,0,400,28
1597100,1,18.73,65.71,39.47,OK,0,400,28
1598110,1,18.71,65.68,39.53,OK,0,400,28
1599120,1,18.4,65.11,39.65,OK,0,400,28
1600130,1,18.35,65.03,39.7,OK,0,400,28
1601140,1,18.38,65.09,39.8,OK,0,400,28
1602150,1,18.3,64.95,39.94,OK,0,400,27
1603160,1,18.32,64.97,39.97,OK,0,400,27
1604170,1,18.24,64.83,40.02,OK,0,400,27
1605180,1,18.3,64.95,40.14,OK,0,400,27
1606190,1,18.33,65.0,40.07,OK,0,400,27
1607200,1,18.23,64.81,40.08,OK,0,400,26
1608210,1,18.1,64.58,40.19,OK,0,400,25
1609220,1,18.01,64.41,40.39,OK,0,400,25
1610230,1,18.04,64.47,40.49,OK,0,400,24
1611240,1,18.05,64.5,40.53,OK,0,400,24
1612250,1,18.02,64.44,40.55,OK,0,400,24
1613260,1,18.01,64.41,40.55,OK,0,400,23
1614270,1,18.02,64.44,40.59,OK,0,400,23
1615280,1,18.04,64.47,40.53,OK,0,400,23
1616290,1,17.99,64.38,40.6,OK,0,400,23
1617300,1,17.63,63.74,40.66,OK,0,400,22
1619320,1,17.66,63.79,41.18,OK,0,400,23
1620330,1,17.55,63.6,41.3,OK,0,400,22
1621340,1,17.58,63.65,41.46,OK,0,400,21
1622350,1,17.58,63.65,41.52,OK,0,400,22
1623360,1,17.49,63.48,41.58,OK,0,400,22
1624370,1,17.38,63.29,41.61,OK,0,400,20
1625380,1,17.43,63.37,41.83,OK,0,400,20
1626390,1,17.48,63.46,41.95,OK,0,400,19
1627400,1,17.49,63.48,41.97,OK,0,400,18
1628410,1,17.54,63.57,41.88,OK,0,400,19
1629420,1,17.52,63.54,41.78,OK,0,400,19
1630430,1,17.4,63.31,41.79,OK,0,400,17
1631440,1,17.43,63.37,41.88,OK,0,400,17
1632450,1,17.41,63.34,41.95,OK,0,400,17
1633460,1,17.35,63.23,42.08,OK,0,400,17
1634470,1,17.19,62.95,42.09,OK,0,400,16
1635480,1,17.15,62.86,42.34,OK,0,400,16
1636490,1,17.21,62.98,42.48,OK,0,400,16
1637500,1,17.21,62.98,42.58,OK,0,400,16
1638510,1,17.29,63.12,42.59,OK,0,400,16
1639520,1,17.29,63.12,42.45,OK,0,400,16
1640530,1,17.3,63.15,42.32,OK,0,400,15
1641540,1,17.32,63.17,42.24,OK,0,400,15
1642550,1,17.32,63.17,42.26,OK,0,400,15
1643560,1,17.3,63.15,42.24,OK,0,400,15
1644570,1,17.33,63.2,42.15,OK,0,400,14
1645580,1,17.33,63.2,42.11,OK,0,400,15
1646590,1,17.3,63.15,42.03,OK,0,400,14
1647600,1,17.33,63.2,42.01,OK,0,400,14
1648610,1,17.33,63.2,41.91,OK,0,400,14
1649620,1,17.33,63.2,41.88,OK,0,400,14
1650630,1,17.33,63.2,41.89,OK,0,400,14
1651640,1,17.35,63.23,41.92,OK,0,400,14
1652650,1,17.37,63.26,41.88,OK,0,400,14
1653660,1,17.35,63.23,41.8,OK,0,400,14
